"","input_corr","input_gini1","input_gini2","input_badrate","theor_gini_combined","actual_gini1","actual_gini2","actual_corr","actual_rho","actual_bad_rate","gini_model","gini_model_rho","gini_logistic","gini_probit","diff.logistic","diff.probit"
"1",0.211377091992181,0.487460401281714,0.831612950004637,0.190687101106159,0.891262129532718,0.467852568592527,0.844060027743517,0.206857455710258,0.202413214520132,0.1868,0.895714682676396,0.896894808558942,0.893857876093704,0.893858797717743,-0.00185680658269116,-0.00185588495865274
"2",0.392026049487758,0.377492686547339,0.17204006575048,0.0287754759308882,0.378187651211194,0.335181393143269,0.175166032646147,0.373107906068792,0.35690497088905,0.0283,0.339067778384949,0.339920256772578,0.338430225560027,0.338448407966658,-0.000637552824922061,-0.000619370418291521
"3",0.648594541128259,0.163502322509885,0.821831050142646,0.165859990792815,NA,NA,NA,NA,NA,NA,NA,NA,NA,NA,NA,NA
"4",0.27503963162424,0.683869011513889,0.56350604314357,0.0853456372837536,0.773132315471365,0.690998908715499,0.605869830934691,0.284806990814682,0.270179260981793,0.0862,0.795504790809569,0.799363767875226,0.790111053051458,0.790114099913723,-0.00539373775811147,-0.00539069089584632
"5",0.484221056546085,0.18079800400883,0.3628666523844,0.186777719568927,0.36291891884035,0.174980541165528,0.361776874184505,0.48611405014516,0.468346515867465,0.1816,NA,0.361835832401754,0.361780776717007,0.361782122417869,NA,NA
"6",0.0768749674852006,0.454211066290736,0.878319320827723,0.252839320618659,0.972146869228977,0.459072790658602,0.876163684475807,0.0768847069398952,0.0790765536947655,0.256,0.973018989056715,0.972167568902925,0.971063298051075,0.971061827956989,-0.00195569100563953,-0.00195716109972555
"7",0.886813644119538,0.789230147749186,0.262974614277482,0.121259145902004,NA,NA,NA,NA,NA,NA,NA,NA,NA,NA,NA,NA
"8",0.914663711450994,0.435212696902454,0.708996028080583,0.064813945768401,NA,NA,NA,NA,NA,NA,NA,NA,NA,NA,NA,NA
"9",0.344590021767654,0.809042432531714,0.446046495065093,0.171298392293975,0.827848683189247,0.803780254471534,0.402694596145457,0.324064856878155,0.316027127692271,0.1655,0.817067276626511,0.818220041632165,0.818560239230033,0.818560384042401,0.00149296260352116,0.00149310741588971
"10",0.766965363174677,0.168663914874196,0.747152394987643,0.0107850858033635,NA,NA,NA,NA,NA,NA,NA,NA,NA,NA,NA,NA
"11",0.698691508574411,0.613614520616829,0.158679395541549,0.477649230042007,NA,NA,NA,NA,NA,NA,NA,NA,NA,NA,NA,NA
"12",0.837620677566156,0.827607138827443,0.165820877812803,0.0167591252713464,NA,NA,NA,NA,NA,NA,NA,NA,NA,NA,NA,NA
"13",0.863795188372023,0.491456170380116,0.876647137291729,0.323592109805904,NA,NA,NA,NA,NA,NA,NA,NA,NA,NA,NA,NA
"14",0.553284521105234,0.431623597629368,0.458671808429062,0.267424400781747,0.507569421731595,0.417910762483131,0.449050464548946,0.547437296816141,0.530528297545283,0.2704,0.495463971400317,0.498222880546294,0.496821331133863,0.496820520119641,0.00135735973354612,0.00135654871932411
"15",0.36896820849739,0.339035954885185,0.360846866108477,0.263736549646128,0.42474870080007,0.336513837573649,0.347977209651871,0.376705837976342,0.363084886998849,0.2618,0.41384057636983,0.41593831118633,0.413871289753802,0.413869530472715,0.0000307133839718698,0.0000289541028843932
"16",0.989131785978097,0.626406664215028,0.389247762039304,0.126484255795367,NA,NA,NA,NA,NA,NA,NA,NA,NA,NA,NA,NA
"17",0.445502501365263,0.583595995604992,0.638996835611761,0.211389894622844,0.723474067177577,0.574065423498338,0.639516122792612,0.440732804308775,0.426017848824178,0.2092,0.719929038376926,0.723622873056829,0.718253340761008,0.718255033264956,-0.00167569761591824,-0.00167400511196991
"18",0.891945492834784,0.640492832474411,0.555728456191719,0.356668211033102,NA,NA,NA,NA,NA,NA,NA,NA,NA,NA,NA,NA
"19",0.0684738725423813,0.544583485648036,0.217332851327956,0.146270189811476,0.573126008350311,0.546356120516885,0.211228317913218,0.0701497850933731,0.0684692408166924,0.1437,0.572581527488255,0.572849165773653,0.572850974532287,0.572856825797513,0.00026944704403209,0.000275298309258654
"20",0.00491987208137289,0.135696935094893,0.801937546767294,0.292150032634381,0.814718111634258,0.133445502919187,0.812868179183969,0.0236782971598325,0.0247990296079903,0.297,0.822570757785781,0.822425212850169,0.822325483378115,0.822306517043359,-0.000245274407665974,-0.000264240742421817
"21",0.532046639670152,0.817015837132931,0.630230197682977,0.400856241071597,0.860696550789544,0.808330357807779,0.622448362164348,0.52522599314247,0.507193472035935,0.4032,0.852702604887495,0.857622379524404,0.852813883037576,0.852821612754798,0.00011127815008094,0.000119007867303011
"22",0.488301407536492,0.144311091676354,0.58931673951447,0.279059050970245,NA,NA,NA,NA,NA,NA,NA,NA,NA,NA,NA,NA
"23",0.724636759681161,0.134501047432423,0.826111120544374,0.120483451057225,NA,NA,NA,NA,NA,NA,NA,NA,NA,NA,NA,NA
"24",0.784436246333644,0.243938169628382,0.297947956994176,0.288212473657914,0.298451081477659,0.239101146366759,0.299628740571756,0.784872086141818,0.772462698512627,0.2871,0.299715197161587,0.299906867081087,0.29966616601585,0.299670270111547,-0.0000490311457366222,-0.000044927050039778
"25",0.17334406228736,0.882544061355293,0.308003165014088,0.0295873742364347,0.887432085345143,0.87480794630583,0.306469562136831,0.17987296562949,0.17277595190376,0.0322,0.879629298795093,0.880161267842307,0.877656822992277,0.877670942227938,-0.0019724758028159,-0.00195835656715437
"26",0.513571018720977,0.805733435973525,0.536245553568006,0.408230007400271,0.825031020185208,0.798336398531192,0.534041399459376,0.515034922881913,0.497354251253542,0.4157,0.81786101488233,0.821340736067409,0.818039847997585,0.81804025970064,0.000178833115255461,0.000179244818309998
"27",0.0671215321565978,0.766735889390111,0.426950741000473,0.453482523597777,0.878997808321812,0.772936683776674,0.425942969033777,0.0666592455346306,0.0618734650147346,0.4549,0.884349117304885,0.886340805492955,0.885114890150863,0.8851262626782,0.000765772845978008,0.000777145373315413
"28",0.0957176025537774,0.230545286647975,0.553518028371036,0.135291327759624,0.580630631991681,0.229453865737412,0.56324720251034,0.101123799197735,0.0952540572285406,0.137,0.588471488889236,0.589401464450982,0.588755064238651,0.588746606220027,0.000283575349415255,0.000275117330790664
"29",0.823367400043644,0.22352808136493,0.538736455328763,0.343091765730642,NA,NA,NA,NA,NA,NA,NA,NA,NA,NA,NA,NA
"30",0.736646299101412,0.448029625415802,0.180348200909793,0.199815420315135,NA,NA,NA,NA,NA,NA,NA,NA,NA,NA,NA,NA
"31",0.725032974758651,0.877368920110166,0.219925050064921,0.337962672153953,NA,NA,NA,NA,NA,NA,NA,NA,NA,NA,NA,NA
"32",0.924379654191434,0.824134437553585,0.800513744354248,0.159626893710811,0.829879453592052,0.817124102807801,0.794679188864665,0.924002953980196,0.917514793747148,0.1614,0.823247071394255,0.824422629556181,0.823831747667012,0.823841647922675,0.000584676272756823,0.000594576528419877
"33",0.90101696533151,0.173545229434967,0.25592158138752,0.267008058701176,NA,NA,NA,NA,NA,NA,NA,NA,NA,NA,NA,NA
"34",0.960456859809346,0.796636687032878,0.668198508769274,0.0956271765660495,NA,NA,NA,NA,NA,NA,NA,NA,NA,NA,NA,NA
"35",0.416930507628713,0.110948076657951,0.518480378203094,0.073262038603425,NA,NA,NA,NA,NA,NA,NA,NA,NA,NA,NA,NA
"36",0.0683700003521517,0.16328722499311,0.308900107815862,0.4700100879604,0.341409829646302,0.184801092603352,0.308588235648292,0.0774914567725588,0.0753213749252137,0.4705,0.349741365062979,0.350050761641228,0.348952182547448,0.348951861429637,-0.000789182515531728,-0.000789503633342958
"37",0.803634336059913,0.650118458084762,0.603461297042668,0.19011578447884,0.664482869683561,0.632283691271434,0.587939968862167,0.803547494446545,0.791311512485115,0.1876,0.646587533473265,0.648557951826186,0.646692287664862,0.646690056785077,0.000104754191597278,0.000102523311811931
"38",0.593566546670627,0.713326471857727,0.530328933149576,0.129276742907241,0.72403126721274,0.712922455036201,0.525250486182737,0.597202076134895,0.575200601020006,0.1314,0.722270944306162,0.725091552280446,0.722474732341026,0.722472980015427,0.000203788034864205,0.000202035709265358
"39",0.115406738093589,0.332708206400275,0.698245787248015,0.393280559435952,0.752830530285992,0.312969787265916,0.695103393428881,0.111295677153223,0.108561426077614,0.4009,0.743278510130178,0.74397855599862,0.742262599853051,0.742250941890511,-0.001015910277127,-0.00102756823966743
"40",0.115362911762204,0.310999577492476,0.86983133610338,0.427369755983818,0.906615164913965,0.297793394295185,0.87119999671807,0.116861826774078,0.110999881877999,0.421,0.903205688819427,0.904680396783344,0.903897784286939,0.903899999589759,0.000692095467511811,0.000694310770331441
"41",0.824994887381326,0.376651833951473,0.545282571576536,0.236493232075591,NA,NA,NA,NA,NA,NA,NA,NA,NA,NA,NA,NA
"42",0.208316081806552,0.261200570315123,0.236611925251782,0.17857600140851,0.320960611737755,0.241101897125192,0.22730846055388,0.220625038899399,0.211830231198302,0.1752,0.300090489212295,0.301175458106784,0.30323706535748,0.303239003007232,0.00314657614518454,0.00314851379493719
"43",0.302456570081413,0.195076162926853,0.392257171683013,0.214486809130758,0.400602377582013,0.181063916987258,0.403744796584617,0.287523141462316,0.280149114941491,0.2102,0.409580430574352,0.410088775555903,0.410097318354211,0.410129363466019,0.000516887779859365,0.000548932891666798
"44",0.788022516716737,0.303418469429016,0.335666476562619,0.459421907309443,0.34190385787045,0.30642163407419,0.338790199777332,0.78627783807011,0.769850571870506,0.4543,0.345286827605794,0.346644646579694,0.345780193908706,0.345772287861907,0.000493366302911857,0.00048546025611329
"45",0.868226256736089,0.14087293073535,0.488184795901179,0.383486007309984,NA,NA,NA,NA,NA,NA,NA,NA,NA,NA,NA,NA
"46",0.0189384680287912,0.870394942164421,0.275450445525348,0.339614186775871,0.919348380084934,0.875652004332668,0.25717283546183,0.0126117418634065,0.0128026429400264,0.3379,0.919708219275506,0.919652643353634,0.919653801371594,0.919659790905376,-0.0000544179039114745,-0.0000484283701300825
"47",0.446001844340935,0.242440030165017,0.449312436208129,0.239812812150922,0.451990765270302,0.245222562711861,0.445659765291884,0.459409058308354,0.442966912501669,0.2383,0.448200260725425,0.449097098128735,0.447651467158488,0.447648161612128,-0.000548793566936601,-0.000552099113296345
"48",0.230760352774523,0.401914572529495,0.643577788956463,0.45451509174658,0.70431850401614,0.40040341705865,0.643472572338017,0.25324577409476,0.23755300111153,0.4628,0.697933699460291,0.701876060603052,0.700500723685862,0.70049605785883,0.00256702422557087,0.00256235839853858
"49",0.261910024413373,0.744641676731408,0.378665114752948,0.0766160871041939,0.762419882321379,0.755997846572922,0.35551073722668,0.265130696922893,0.256068903340689,0.0752,0.767985892118276,0.769103996281012,0.767385587683133,0.767337848781565,-0.000600304435142585,-0.000648043336710646
"50",0.592114204920363,0.336444550566375,0.860791550390422,0.253775916260201,NA,NA,NA,NA,NA,NA,NA,NA,NA,NA,NA,NA
"51",0.237052980603185,0.271557985432446,0.393719055317342,0.341448372050654,0.436424634624894,0.267320149520502,0.409485019263784,0.2367509861235,0.229176877079769,0.347,0.447552835726296,0.448739597750328,0.448916859010287,0.448925862015702,0.00136402328399088,0.00137302628940605
"52",0.797879759233911,0.532972631417215,0.8770263671875,0.224592548308428,NA,NA,NA,NA,NA,NA,NA,NA,NA,NA,NA,NA
"53",0.974032713091001,0.301895614899695,0.411592503450811,0.244957036061678,NA,NA,NA,NA,NA,NA,NA,NA,NA,NA,NA,NA
"54",0.00789924156619236,0.690870447456837,0.710108698159456,0.126536431894638,0.956742874391057,0.682039858044807,0.709154455589146,-0.00605707391751678,0.0000775648927756489,0.1204,NA,NA,NA,NA,NA,NA
"55",0.160597420418635,0.777233451791108,0.180873314477503,0.454829624400008,0.780614496596594,0.780176596573797,0.192615608929918,0.15722064146342,0.149053588430536,0.4585,0.78517986588695,0.78597548287977,0.785540911338209,0.78551867817394,0.000361045451259034,0.000338812286990287
"56",0.611634748515207,0.783596204593778,0.273085960932076,0.148990424133372,NA,NA,NA,NA,NA,NA,NA,NA,NA,NA,NA,NA
"57",0.290904881372117,0.543141038902104,0.663419366069138,0.46858879329171,0.774670591338025,0.550040809689578,0.654782459037667,0.28685483983079,0.280283076402831,0.4763,0.773525238499718,0.775721439681449,0.772162904727826,0.772161862385934,-0.00136233377189177,-0.00136337611378368
"58",0.229828372125048,0.579075094871223,0.162859705276787,0.316857800057624,0.580156356207398,0.582924558454948,0.15274058033797,0.212920570698462,0.201057731454577,0.3106,0.583902704398168,0.584360407841638,0.583994948059952,0.583988316501317,0.0000922436617836198,0.0000856121031487245
"59",0.389997228537686,0.280495059676468,0.551783234812319,0.39964265424991,0.55754389631644,0.284877815857163,0.53289773784444,0.383911482460225,0.372220055018201,0.3996,0.541418853218346,0.542591921986847,0.541931421761535,0.541934756208574,0.00051256854318904,0.000515902990227746
"60",0.716270284806378,0.544965893402696,0.743832782655954,0.326561218677089,0.744644079628668,0.570035015559955,0.750330632046712,0.715525427874457,0.701066606630666,0.329,0.753219868611177,0.754639260563139,0.753114482308762,0.753119827504201,-0.000105386302414745,-0.000100041106975368
"61",0.0185532626649365,0.140360007621348,0.517968539148569,0.0393984422832727,0.53208449444303,0.147807668588618,0.515979664205472,0.0309901526245853,0.0282424783624248,0.0391,0.530364757246424,0.530678659511321,0.532952243461014,0.532958099011503,0.0025874862145896,0.00259334176507919
"62",0.217207166862208,0.425066855549812,0.300180128403008,0.320192316176835,0.47810789517685,0.420493069497098,0.302473944876092,0.232845336258849,0.220707541703075,0.323,0.472779652817217,0.474962349306862,0.47516808355932,0.475171924946609,0.00238843074210271,0.0023922721293923
"63",0.86761215402279,0.294896474666894,0.446305610239506,0.444949562458787,NA,NA,NA,NA,NA,NA,NA,NA,NA,NA,NA,NA
"64",0.421707855504937,0.580435453727841,0.177455980703235,0.0308290960569866,NA,NA,NA,NA,NA,NA,NA,NA,NA,NA,NA,NA
"65",0.979167219728697,0.573169671371579,0.125510321743786,0.469307064490858,NA,NA,NA,NA,NA,NA,NA,NA,NA,NA,NA,NA
"66",0.752804972562008,0.637035921774805,0.190058481507003,0.432297177829314,NA,NA,NA,NA,NA,NA,NA,NA,NA,NA,NA,NA
"67",0.0121027640160173,0.105304976552725,0.794588013924658,0.141708809880074,0.799848719769621,0.0885099344829103,0.788194609411526,-0.00270211119001928,-0.00111933142719331,0.1397,NA,NA,NA,NA,NA,NA
"68",0.264164050987456,0.703594619780779,0.405807626061142,0.230797271835618,0.742715200536149,0.704887615096111,0.399463618450925,0.264154994366839,0.251945130683451,0.2355,0.741945552310631,0.74458836067514,0.741756806483013,0.74176624884227,-0.000188745827618186,-0.000179303468361258
"69",0.19224188192049,0.432586462423205,0.730738574080169,0.425382496966049,0.804058461051296,0.439330706851479,0.725797355816306,0.19135790305047,0.183931928175319,0.4258,0.80321685186555,0.805597165242166,0.802707596199765,0.80270980483967,-0.000509255665784414,-0.00050704702587967
"70",0.086079404563643,0.197065228968859,0.887933506816626,0.368654262691271,0.899841703886736,0.199483926210705,0.884709969695469,0.0879654352532121,0.0844473475124735,0.3778,0.896949497938633,0.897508128720381,0.896487284740242,0.896493495731177,-0.000462213198391348,-0.000456002207455786
"71",0.655017271391116,0.737844168581068,0.732891667820513,0.258067796535324,0.813168542910025,0.753113870013112,0.737836175575461,0.656506518856441,0.635576150839761,0.2581,0.824243628224956,0.829855461613936,0.823993903628385,0.823991292449479,-0.000249724596571133,-0.000252335775477119
"72",0.0287255377974361,0.290460760332644,0.610534000210464,0.384452821749728,0.677461139944243,0.310054731340953,0.629076158590541,0.0440131004210355,0.0420605175246052,0.3839,0.699312984639634,0.699875987948755,0.698459657605575,0.698457120830689,-0.000853327034059159,-0.000855863808944868
"73",0.159742184600327,0.679211545549333,0.637883226387203,0.33064263807144,0.890187292839668,0.688176577029352,0.645261031444693,0.162335057569555,0.156913376697134,0.3307,0.900842178815934,0.903255580911585,0.89896678606351,0.898968502898582,-0.00187539275242377,-0.00187367591735144
"74",0.770642422204837,0.657739030756056,0.776084768399596,0.40039643879747,0.784985165079599,0.66730801978035,0.780372554774742,0.778699546586519,0.765045582906456,0.4061,0.789493324792238,0.79184225676086,0.788990002147334,0.788995889797941,-0.000503322644904047,-0.000497434994296775
"75",0.849610576112755,0.333681970648468,0.871512637659907,0.444206212423742,NA,NA,NA,NA,NA,NA,NA,NA,NA,NA,NA,NA
"76",0.963685563672334,0.314709281735122,0.367345907539129,0.178303507880773,NA,NA,NA,NA,NA,NA,NA,NA,NA,NA,NA,NA
"77",0.498672035462223,0.131525951623917,0.652864955551922,0.205977559038438,NA,NA,NA,NA,NA,NA,NA,NA,NA,NA,NA,NA
"78",0.433100023688748,0.20531688798219,0.519236416369677,0.387043960453011,NA,NA,NA,NA,NA,NA,NA,NA,NA,NA,NA,NA
"79",0.916169079111423,0.746892869286239,0.546342936530709,0.445454797262792,NA,NA,NA,NA,NA,NA,NA,NA,NA,NA,NA,NA
"80",0.984882690219674,0.553381447866559,0.778711988218129,0.408540134697687,NA,NA,NA,NA,NA,NA,NA,NA,NA,NA,NA,NA
"81",0.567075586582068,0.327164410427213,0.462981245294213,0.326026732532773,0.470401264259644,0.318734277359181,0.469350910205614,0.565812407168614,0.546146610157466,0.3201,0.47442062907626,0.47600386111279,0.475216851771621,0.475214830047181,0.000796222695361504,0.000794200970921422
"82",0.239151785059366,0.6342235699296,0.882533140294254,0.148632889345754,0.970851333141091,0.628166979956504,0.872463586765337,0.236671257084538,0.224843176072432,0.1542,0.963379763701452,0.967059613701005,0.969512436364439,0.969518110238152,0.00613267266298734,0.00613834653670042
"83",0.834584291714709,0.199871973693371,0.343480881676078,0.272219527666457,NA,NA,NA,NA,NA,NA,NA,NA,NA,NA,NA,NA
"84",0.879617534950376,0.353286929242313,0.466240466758609,0.409107165874448,NA,NA,NA,NA,NA,NA,NA,NA,NA,NA,NA,NA
"85",0.612230147346854,0.385205200314522,0.355980511568487,0.317260526423343,0.415105371734387,0.379089568095246,0.334210512063615,0.614412196710738,0.597664636440646,0.3157,0.401076203256262,0.40305737842882,0.399280972660214,0.399284398054728,-0.00179523059604825,-0.00179180520153421
"86",0.977397479948122,0.281562106870115,0.10317921936512,0.0151418848987669,NA,NA,NA,NA,NA,NA,NA,NA,NA,NA,NA,NA
"87",0.522306183006149,0.850093634240329,0.569869072549045,0.405962244234979,0.870751163521688,0.850160937201298,0.567695119473703,0.520593688953315,0.501363487617635,0.4013,0.870495099653513,0.87457333712555,0.870700830285537,0.870702245429097,0.000205730632024448,0.000207145775583895
"88",0.861319013326429,0.522171841189265,0.464560659229755,0.497953233080916,0.523382662707935,0.5305925345988,0.477257828401985,0.863799683752872,0.852075585228756,0.5034,0.532430662025178,0.533415696978176,0.532516783576072,0.532506703109952,0.0000861215508944913,0.0000760410847737703
"89",0.0433970341505483,0.490382392518222,0.104286754876375,0.188598313999828,0.497485614972316,0.502194633226266,0.088355372333828,0.0401160582292462,0.0331016735110167,0.1832,0.506875358386007,0.507364102577253,0.507967106698202,0.507966572073787,0.00109174831219505,0.00109121368777942
"90",0.00951780316187069,0.664500433765352,0.844930392876267,0.311439982820302,NA,NA,NA,NA,NA,NA,NA,NA,NA,NA,NA,NA
"91",0.601308534471318,0.878790660388768,0.550380783341825,0.0507479032268748,NA,NA,NA,NA,NA,NA,NA,NA,NA,NA,NA,NA
"92",0.194564178446308,0.790957471355796,0.45697395503521,0.244236837476492,0.855951638589918,0.792473938494179,0.465262577503437,0.194405292265286,0.190437107024371,0.2439,0.860654102060219,0.861851606176578,0.861879862020416,0.861885718447186,0.00122575996019725,0.00123161638696678
"93",0.0155330490879714,0.556782566010952,0.72230214048177,0.430511810274329,0.948180698794243,0.568082425650205,0.727571975797873,0.0286935873999155,0.0307554486675545,0.4301,0.953948196096014,0.952807474460112,0.949381591805511,0.949387140244423,-0.00456660429050348,-0.00456105585159161
"94",0.167345916177146,0.501924428343773,0.41950532309711,0.0724367173900828,0.59880400454321,0.482403684326761,0.415646204107743,0.18928646467826,0.1803300134073,0.0676,0.577595003294451,0.579596558224673,0.582117091732476,0.582122803276649,0.00452208843802548,0.00452779998219865
"95",0.341105909789912,0.567588582448661,0.108247741684318,0.30840898664901,NA,NA,NA,NA,NA,NA,NA,NA,NA,NA,NA,NA
"96",0.885938639959786,0.781967073492706,0.729954821802676,0.35719718962675,0.787878573197158,0.775871951086363,0.727331193361721,0.885439995349894,0.87350799968308,0.355,0.782584409922428,0.784762891675935,0.782988535866361,0.782988885249481,0.000404125943932465,0.0004044753270529
"97",0.824727023842279,0.465381740778685,0.281616089120507,0.466951111948583,NA,NA,NA,NA,NA,NA,NA,NA,NA,NA,NA,NA
"98",0.700284242383204,0.299148172140121,0.839250735007226,0.204349744739011,NA,NA,NA,NA,NA,NA,NA,NA,NA,NA,NA,NA
"99",0.147138708194252,0.413892454467714,0.634134718775749,0.246513499314897,0.717804584958197,0.401796927276443,0.635430335312368,0.145020525954752,0.137770887729709,0.2499,0.713898225895819,0.715944936579476,0.710644956556146,0.710639515104802,-0.00325326933967274,-0.00325871079101647
"100",0.329876642678864,0.600677547231317,0.186460201069713,0.280173619275447,NA,NA,NA,NA,NA,NA,NA,NA,NA,NA,NA,NA
"101",0.842290952496696,0.26210497058928,0.16330862864852,0.19254030080745,NA,NA,NA,NA,NA,NA,NA,NA,NA,NA,NA,NA
"102",0.91323871972505,0.221062137745321,0.612569278292358,0.0425966638932005,NA,NA,NA,NA,NA,NA,NA,NA,NA,NA,NA,NA
"103",0.628874231760856,0.106045834161341,0.642932434752584,0.124637112859637,NA,NA,NA,NA,NA,NA,NA,NA,NA,NA,NA,NA
"104",0.87012779729208,0.601999203674495,0.571885571815073,0.116709060471039,0.609277258236696,0.603114134462998,0.562773427378291,0.871799133628808,0.861661065996611,0.1208,0.607394602214981,0.608573195389033,0.606786196361533,0.606811430017656,-0.00060840585344768,-0.000583172197324622
"105",0.716306764336769,0.850267686508596,0.648912043310702,0.0876544133620337,0.850622905436443,0.850721529259777,0.675215503143883,0.718305241291408,0.701317116341171,0.0856,0.852628031486286,0.853935836138373,0.852101321738988,0.852137860687975,-0.000526709747297405,-0.000490170798310929
"106",0.355817373173777,0.423187618143857,0.68358208257705,0.380734513259958,0.716642185941452,0.427505611719633,0.685798551923174,0.362579303290547,0.356918364089184,0.386,0.718698662325191,0.719876651783183,0.71608960186326,0.716086310779565,-0.00260906046193088,-0.00261235154562556
"107",0.424764792714268,0.330905367061496,0.669737339764833,0.473761847789865,0.673139725884038,0.325024596571305,0.672568132342068,0.423866843349236,0.404962362737624,0.4736,0.675250781765443,0.676648479625283,0.675772986963978,0.675762638113037,0.000522205198534742,0.000511856347594097
"108",0.444189895433374,0.334128580614924,0.881649655848742,0.0217462813667953,NA,NA,NA,NA,NA,NA,NA,NA,NA,NA,NA,NA
"109",0.139295855567325,0.872723462618887,0.636922387592495,0.156965856517199,NA,NA,NA,NA,NA,NA,NA,NA,NA,NA,NA,NA
"110",0.382578954761848,0.441937598958612,0.61249434966594,0.0805255636759102,0.647342502978476,0.455681443934567,0.631691033849561,0.384358788821765,0.366190088509901,0.0791,0.66673806029474,0.670010501489461,0.663596555834526,0.663690456170302,-0.00314150446021411,-0.00304760412443805
"111",0.0746331236511469,0.472680645808578,0.636790570616722,0.0847355705453083,0.750660835722811,0.467264201073383,0.650189436208088,0.0520519786088645,0.0527806525798065,0.082,0.764159116442477,0.763943714685793,0.76400871459695,0.764016685264892,-0.000150401845526726,-0.000142431177584612
"112",0.276130888466723,0.251518325135112,0.129658978246152,0.258225308491383,0.259337259958864,0.255438190157553,0.112866099542846,0.277650710669815,0.265885430394854,0.2562,0.25922338443888,0.259746839798968,0.259501024235948,0.259486960539156,0.000277639797067186,0.000263576100275387
"113",0.507443874513265,0.345638768188655,0.536721835099161,0.146917732423171,0.543201252773944,0.363922258215458,0.555505248597079,0.509018325621865,0.488852294824523,0.1423,0.563114779898331,0.565115870564503,0.562184439566144,0.562175263052546,-0.000930340332186752,-0.000939516845785082
"114",0.704012439278886,0.46390139516443,0.249924034997821,0.33336635227548,NA,NA,NA,NA,NA,NA,NA,NA,NA,NA,NA,NA
"115",0.328617998727132,0.405809479393065,0.45886775944382,0.0788281914358959,0.528701895877354,0.405486831390774,0.466256224445451,0.330896669498107,0.319811503170115,0.0781,0.533093996781256,0.535160823144783,0.532142256451666,0.532215033835233,-0.000951740329589557,-0.000878962946022632
"116",0.968368276047986,0.318442018143833,0.434964844956994,0.40316617296543,NA,NA,NA,NA,NA,NA,NA,NA,NA,NA,NA,NA
"117",0.12483833729988,0.224237176962197,0.526526979729533,0.111253270739689,0.548951266986912,0.235894543039605,0.496784108515,0.120534601279888,0.111811920446119,0.1127,0.526134508573182,0.527503679992962,0.531273753431419,0.531257953227597,0.00513924485823769,0.00512344465441505
"118",0.98883940690197,0.522087192162871,0.145483251847327,0.127703290500212,NA,NA,NA,NA,NA,NA,NA,NA,NA,NA,NA,NA
"119",0.0318515042332001,0.638220134191215,0.265018478035927,0.340796457054094,0.690172491085097,0.644446563659425,0.265498779792029,0.037260287407044,0.0318518164385182,0.3387,0.694775223069342,0.696138460138046,0.696775696259227,0.696755516094106,0.00200047318988505,0.0019802930247641
"120",0.831711046888959,0.472782429493964,0.515258821845055,0.41584493839182,0.522303471461914,0.48000497931626,0.517747638385242,0.83281585232913,0.820403644484036,0.4203,0.526213635417591,0.527813723746384,0.52601267952596,0.526011119898381,-0.000200955891630272,-0.000202515519209356
"121",0.378462762502022,0.649082104675472,0.552033495716751,0.0308320646011271,0.711533681093851,0.652011999983364,0.551757686589536,0.39187032083118,0.374944768769448,0.0323,0.710972307793997,0.714364794779017,0.708593770745545,0.708614886211633,-0.00237853704845192,-0.00235742158236474
"122",0.346848201993853,0.23392853718251,0.44053610842675,0.185580420379993,0.449090407308446,0.234848151903555,0.432569305578663,0.343715374749473,0.32986897623469,0.1884,0.442363461950793,0.443631001023527,0.442312189808289,0.442294401036353,-0.0000512721425041107,-0.0000690609144404775
"123",0.910072950145695,0.407876503653824,0.490271895565093,0.452778210374527,NA,NA,NA,NA,NA,NA,NA,NA,NA,NA,NA,NA
"124",0.674142151731066,0.766807368397713,0.359600317105651,0.26351306459168,NA,NA,NA,NA,NA,NA,NA,NA,NA,NA,NA,NA
"125",0.496177853804547,0.319824432581663,0.257112555392087,0.212105199217331,0.339563306530592,0.306822608012336,0.258736832334705,0.50289686814315,0.488163187269632,0.2078,0.329976514930122,0.33148045837894,0.330325704492721,0.330326433447966,0.000349189562599328,0.000349918517843717
"126",0.668194821244106,0.563835204206407,0.430088000372052,0.180246719499119,0.56847543970482,0.548927390032532,0.408667814866454,0.675549514790142,0.658711119503111,0.178,0.551380134334217,0.55255521539996,0.552203176686077,0.552216572350256,0.000823042351859371,0.000836438016038388
"127",0.343686176463962,0.355911611393094,0.199865419231355,0.131612476834562,0.365217014737423,0.364618558888252,0.169694444803149,0.320329058712306,0.305352730397527,0.1331,0.368786514218074,0.369646774336279,0.370448463609332,0.370462156969413,0.00166194939125863,0.0016756427513398
"128",0.287974539503921,0.492831087112427,0.56762988884002,0.484194914707914,0.675270005943874,0.480558440115494,0.556463437060452,0.269289087616473,0.263986455143865,0.4774,0.665166079769368,0.666667747913968,0.661783730633033,0.66178381079681,-0.00338234913633562,-0.00338226897255778
"129",0.439062889341731,0.135447751916945,0.686109992675483,0.217096406086348,NA,NA,NA,NA,NA,NA,NA,NA,NA,NA,NA,NA
"130",0.10597651590826,0.10555138643831,0.541654341109097,0.489339336901903,0.544263496846839,0.122693631566082,0.536920567881743,0.124987749161064,0.123560560727606,0.479,0.540425149857916,0.540515114343271,0.539841239947267,0.539842522209177,-0.000583909910648828,-0.000582627648738843
"131",0.0993789911130443,0.237196485325694,0.168583710119128,0.207480366483796,0.278626813851227,0.226421672449216,0.166168309658407,0.084489956986406,0.0777191770291918,0.2071,0.270490615224213,0.271292594766672,0.271947880754102,0.271945323047211,0.00145726552988923,0.00145470782299784
"132",0.835639743015636,0.394748484157026,0.318439153395593,0.107498683491722,NA,NA,NA,NA,NA,NA,NA,NA,NA,NA,NA,NA
"133",0.436862232817803,0.159995054081082,0.279112165793777,0.171337259344291,0.282313780831566,0.137440903717326,0.269149787643942,0.439241335729759,0.424379560087796,0.1725,0.27000480998679,0.270376082547394,0.270338491177372,0.270334007618547,0.00033368119058208,0.000329197631757205
"134",0.492705253344029,0.714045395515859,0.551604041643441,0.371235321464483,0.758212944812083,0.704206145123543,0.556582584288071,0.493374512636893,0.4680300043923,0.3813,0.752697918099694,0.759027352643258,0.754454987575575,0.754452274680153,0.00175706947588039,0.00175435658045831
"135",0.728493908112869,0.442477474547923,0.302941633574665,0.0594279642845504,NA,NA,NA,NA,NA,NA,NA,NA,NA,NA,NA,NA
"136",0.646129032808822,0.417707750760019,0.576526280865073,0.163536173026077,0.579517193795443,0.418247411937606,0.597119713830907,0.646987280045517,0.627637826640378,0.1588,0.598523575717227,0.599639197512718,0.599557008040571,0.599567937611017,0.00103343232334363,0.00104436189379054
"137",0.567588877254166,0.271874406933785,0.808421867340803,0.468957205021288,NA,NA,NA,NA,NA,NA,NA,NA,NA,NA,NA,NA
"138",0.321418074744288,0.691303303278983,0.545602449029684,0.0667539969482459,0.75640274230179,0.684004529230383,0.557224945245679,0.320787180133012,0.306404205376042,0.0685,0.756451025843535,0.759785178011487,0.758339700114798,0.758368850178858,0.00188867427126316,0.00191782433532284
"139",0.783460920411162,0.318072199448943,0.672319262288511,0.41472422342049,NA,NA,NA,NA,NA,NA,NA,NA,NA,NA,NA,NA
"140",0.844674454077613,0.156071790121496,0.691218802891672,0.337265667002648,NA,NA,NA,NA,NA,NA,NA,NA,NA,NA,NA,NA
"141",0.360097544796299,0.643191736005247,0.602621993608773,0.127897676748689,0.750305447715681,0.659178892419412,0.594459540596458,0.363647589399725,0.350505189889052,0.1294,0.755533602189593,0.758930507734081,0.757747415042869,0.757721495346349,0.00221381285327582,0.00218789315675649
"142",0.808515609833412,0.255830280855298,0.171497833169997,0.163253741150256,NA,NA,NA,NA,NA,NA,NA,NA,NA,NA,NA,NA
"143",0.0693654963816516,0.842258878238499,0.325396260619163,0.30286869574571,0.893542333751346,0.844179017000827,0.332494122730604,0.0660931996577972,0.0664138897121389,0.3073,0.899299750795989,0.899201381941175,0.898305845944629,0.898304812434034,-0.000993904851360528,-0.000994938361954967
"144",0.636369148485828,0.54037618227303,0.857784506492317,0.379627806919161,0.858116567017325,0.527992387310481,0.853347071371093,0.630631128347142,0.614274636562746,0.377,0.853510609904236,0.854083039157495,0.853397652328299,0.853390244006284,-0.000112957575936212,-0.000120365897951169
"145",0.70928944937652,0.879050614312291,0.547662436030805,0.217235579695553,NA,NA,NA,NA,NA,NA,NA,NA,NA,NA,NA,NA
"146",0.488931774033699,0.285346947796643,0.848136634379625,0.0317502714693546,NA,NA,NA,NA,NA,NA,NA,NA,NA,NA,NA,NA
"147",0.965896251657978,0.151805303059518,0.700089449249208,0.4808356563095,NA,NA,NA,NA,NA,NA,NA,NA,NA,NA,NA,NA
"148",0.288534789725672,0.824176941998303,0.692595572397113,0.15515275224112,0.941115893665812,0.824562728200172,0.707214145725945,0.294974012183333,0.284728077459281,0.1552,0.946321863543498,0.94962911179185,0.943537084358404,0.943541202944392,-0.0027847791850939,-0.0027806605991052
"149",0.744667074177414,0.603664513677359,0.405544319935143,0.156882808471564,NA,NA,NA,NA,NA,NA,NA,NA,NA,NA,NA,NA
"150",0.092912437976338,0.718770204856992,0.545113853737712,0.0993373366189189,0.843683558257818,0.711855444278713,0.560743120960296,0.114530156638897,0.111425115670251,0.0975,0.839000851173743,0.839963472025969,0.842904979046807,0.842903388024718,0.00390412787306449,0.00390253685097486
"151",0.594760023462586,0.619690717756748,0.395921088382602,0.353249098821543,0.621337483173285,0.617810504388965,0.37152773058065,0.593724321467904,0.572098697348987,0.347,0.618015277342317,0.618662027330463,0.61822014113535,0.618205400920601,0.000204863793032528,0.000190123578284407
"152",0.957605591076426,0.191414687037468,0.623643320798874,0.391912067660596,NA,NA,NA,NA,NA,NA,NA,NA,NA,NA,NA,NA
"153",0.33657074265182,0.836593374237418,0.503400899097323,0.367843607135583,0.88138141325263,0.843670276838268,0.510947040900116,0.320579369819382,0.309708094849081,0.3587,0.894421796772595,0.897599126221015,0.892469605947043,0.892466562922722,-0.00195219082555154,-0.00195523384987273
"154",0.373619926837273,0.123567294701934,0.455376952700317,0.302767919148318,NA,NA,NA,NA,NA,NA,NA,NA,NA,NA,NA,NA
"155",0.662691416130401,0.171968891471624,0.691148219257593,0.487836475607473,NA,NA,NA,NA,NA,NA,NA,NA,NA,NA,NA,NA
"156",0.559414978784043,0.670464121177793,0.286120911315084,0.192797772840131,NA,NA,NA,NA,NA,NA,NA,NA,NA,NA,NA,NA
"157",0.886158144338988,0.119532174244523,0.600160489045084,0.235184254818596,NA,NA,NA,NA,NA,NA,NA,NA,NA,NA,NA,NA
"158",0.0546579575305805,0.395234856195748,0.265896786563098,0.221172382845543,0.466224190221709,0.393284291080926,0.276665744828422,0.066526580437096,0.0650447769144478,0.2257,0.4681227299708,0.468430215660103,0.466916793254914,0.46689699461849,-0.00120593671588654,-0.00122573535230996
"159",0.68856974779861,0.795620298944414,0.533597940951586,0.0759197703539394,NA,NA,NA,NA,NA,NA,NA,NA,NA,NA,NA,NA
"160",0.106741410484537,0.83367337025702,0.222526651620865,0.419293050495908,0.849097818669515,0.833662328823032,0.212388125203889,0.113261931774625,0.109931896867319,0.4189,0.845933147620428,0.846443437023568,0.846032329183311,0.846036683746826,0.0000991815628834658,0.000103536126398129
"161",0.721684609064832,0.693309793807566,0.332795206271112,0.110484040065203,NA,NA,NA,NA,NA,NA,NA,NA,NA,NA,NA,NA
"162",0.809499728728551,0.155325992032886,0.220354714617133,0.100954977322835,NA,NA,NA,NA,NA,NA,NA,NA,NA,NA,NA,NA
"163",0.33747490927577,0.666903428547084,0.696944371983409,0.396027699811384,0.855846007134001,0.672236013157086,0.703523831487791,0.326878472636693,0.317486949486869,0.3901,0.86749658713326,0.871094211020699,0.865095613902691,0.865106541854328,-0.00240097323056898,-0.00239004527893227
"164",0.0515805413410999,0.8911527229473,0.715603081136942,0.380313312555663,NA,NA,NA,NA,NA,NA,NA,NA,NA,NA,NA,NA
"165",0.475202707692515,0.599031875282526,0.204244938492775,0.41803790998878,NA,NA,NA,NA,NA,NA,NA,NA,NA,NA,NA,NA
"166",0.424474980051164,0.132706293836236,0.124961726181209,0.305997013617307,0.152900624719352,0.131320511811949,0.110567080783015,0.422078303643593,0.409130864207309,0.3081,0.144779372896259,0.145405171848194,0.142335437197686,0.142338720894194,-0.00244393569857304,-0.00244065200206522
"167",0.961339404622559,0.663575208745897,0.632756157778203,0.0193842300749384,NA,NA,NA,NA,NA,NA,NA,NA,NA,NA,NA,NA
"168",0.0170723785017617,0.291944133117795,0.489134372025728,0.331333646352869,0.571158741545955,0.289127307413357,0.491364385282693,0.0183552910607371,0.020079096800791,0.3292,0.571221579574784,0.570777461011713,0.571250953686174,0.571230032365555,0.0000293741113899237,0.00000845279077110739
"169",0.109943149262108,0.28136409278959,0.640418000333011,0.31481325475499,0.679506696917166,0.287981501796888,0.644307134989561,0.106334764976963,0.0957438734854387,0.3176,0.686341866346204,0.688755908110939,0.686766092262898,0.68677061401307,0.000424225916694443,0.000428747666866292
"170",0.975927136887331,0.142214592918754,0.485261386074126,0.283879689308815,NA,NA,NA,NA,NA,NA,NA,NA,NA,NA,NA,NA
"171",0.507091158453841,0.327271894179285,0.254770823009312,0.109420361185912,0.34281437734357,0.341779288015847,0.249642034588271,0.515900623362421,0.495186338719863,0.1134,0.352089720877077,0.353817380127491,0.352207529626885,0.352207927476745,0.000117808749807047,0.000118206599667214
"172",0.637030549356714,0.788573789037764,0.185994586721063,0.272334318256471,NA,NA,NA,NA,NA,NA,NA,NA,NA,NA,NA,NA
"173",0.0783424004539847,0.58166896160692,0.51935076136142,0.270458061911631,0.762773802543716,0.567482870165099,0.501804790581082,0.0750089760327885,0.0670795245347952,0.2697,0.741498884362669,0.744401652522519,0.742928772370252,0.742930701677294,0.00142988800758248,0.00143181731462461
"174",0.75529893293744,0.13893324136734,0.398990977928042,0.139845311543904,NA,NA,NA,NA,NA,NA,NA,NA,NA,NA,NA,NA
"175",0.0900447708461434,0.539495397359133,0.454268174245954,0.434985006761271,0.691259777272512,0.531277859344206,0.445310086392583,0.0833788604050011,0.0760597750485977,0.4345,0.681119594416231,0.683627492026222,0.683332224301233,0.683332875476044,0.0022126298850027,0.00221328105981367
"176",0.828611977770925,0.465429526939988,0.536474769562483,0.361396933114156,0.538247365848558,0.463454882653122,0.541266891981735,0.82608309229013,0.815419477542195,0.3631,0.542434242673985,0.543123420214154,0.542488382799863,0.542483799182378,0.0000541401258784546,0.0000495565083933336
"177",0.531566459506284,0.358365787379444,0.196772157587111,0.473566188102122,0.358496692790554,0.359936689456732,0.19694738622496,0.529749340738056,0.513463806250638,0.4679,0.360067099101026,0.360314749790918,0.360189411084302,0.360187322475809,0.000122311983275614,0.000120223374783235
"178",0.797915569846518,0.125043286010623,0.898423564992845,0.150060892787296,NA,NA,NA,NA,NA,NA,NA,NA,NA,NA,NA,NA
"179",0.800455254740082,0.856263728812337,0.699567166529596,0.296124277773779,0.857442302000227,0.854672378352607,0.692477115022414,0.802470245657482,0.78979904868199,0.3038,0.855320437351959,0.856193464766188,0.855442098070613,0.855443232792556,0.000121660718654493,0.000122795440597345
"180",0.449849755621981,0.465502176247537,0.123273512348533,0.034010569578968,NA,NA,NA,NA,NA,NA,NA,NA,NA,NA,NA,NA
"181",0.0431663474114612,0.703686451353133,0.264370046183467,0.140719427317381,0.739477395107971,0.713739916154174,0.218431035493924,0.0379950024800217,0.0407682282236823,0.1445,0.737639547279344,0.737157017726563,0.738918740735198,0.738942846915642,0.00127919345585403,0.00130329963629849
"182",0.93815119151026,0.773858479969204,0.166655075736344,0.11343431339832,NA,NA,NA,NA,NA,NA,NA,NA,NA,NA,NA,NA
"183",0.965799121430609,0.255252833664417,0.373803699575365,0.0529485663422383,NA,NA,NA,NA,NA,NA,NA,NA,NA,NA,NA,NA
"184",0.90062181932386,0.103414013050497,0.181890541315079,0.48548223779304,NA,NA,NA,NA,NA,NA,NA,NA,NA,NA,NA,NA
"185",0.522370886625722,0.313431327417493,0.515115158446133,0.24020525676664,0.518081637582011,0.301269103163729,0.530591422899435,0.52406187756119,0.50612099498121,0.2394,0.531470954513385,0.532200626921773,0.531661237412929,0.531674857228091,0.000190282899543925,0.000203902714705606
"186",0.972246476949658,0.16210771407932,0.228757391683757,0.110148773693945,NA,NA,NA,NA,NA,NA,NA,NA,NA,NA,NA,NA
"187",0.794227061534766,0.197573565505445,0.840544446744025,0.0699395704152994,NA,NA,NA,NA,NA,NA,NA,NA,NA,NA,NA,NA
"188",0.0894762785523198,0.150571531802416,0.160615333728492,0.454312451987062,0.211379044114412,0.137546223826773,0.163074101888966,0.0951106177181766,0.0910914678229147,0.4635,0.204395324545377,0.204767522685898,0.206441687754041,0.206435494751531,0.00204636320866447,0.0020401702061541
"189",0.233121097551193,0.234502120316029,0.308119619451463,0.316596049419604,0.351700139995301,0.231007327139486,0.310423840240848,0.236291755384788,0.226376727331767,0.3142,0.351322883383057,0.352643883242932,0.352174111590603,0.35216612935053,0.000851228207545685,0.000843245967472761
"190",0.317682565392461,0.732835630327463,0.747685137204826,0.200396891143173,0.914392583190879,0.72433289853482,0.758897175585874,0.320145491680165,0.301941222259412,0.2017,0.915845415455655,0.922237595563959,0.917885372554507,0.917876429405546,0.00203995709885207,0.00203101394989091
"191",0.207900368075352,0.574497731029987,0.233656659722328,0.462114077708684,0.588641541057238,0.567993915927534,0.239841822163608,0.225093700362281,0.212518858873189,0.4615,0.581841281666171,0.583454383883159,0.582504509235256,0.582492840048648,0.000663227569084546,0.000651558382477102
"192",0.80156814399641,0.367442403174937,0.446480117365718,0.267928964640014,0.446860672055816,0.380217352214534,0.445202971268487,0.80365106695164,0.791887307446873,0.2652,0.446999720863122,0.447750181142924,0.446403162412321,0.446403265045393,-0.000596558450801199,-0.000596455817729158
"193",0.736247965015937,0.623627836629748,0.233521658554673,0.325640769428574,NA,NA,NA,NA,NA,NA,NA,NA,NA,NA,NA,NA
"194",0.666474685335998,0.752499018423259,0.423192321695387,0.0959129717270844,NA,NA,NA,NA,NA,NA,NA,NA,NA,NA,NA,NA
"195",0.384319119479042,0.706351135857403,0.204459426738322,0.235033918935806,NA,NA,NA,NA,NA,NA,NA,NA,NA,NA,NA,NA
"196",0.611293038481381,0.48250493966043,0.583405913412571,0.466410713016521,0.608391207028361,0.470854989598727,0.584665106971094,0.606188020564032,0.591183644767836,0.4682,0.606155539419604,0.60863291056048,0.605789273379248,0.605785658758251,-0.000366266040356278,-0.000369880661353461
"197",0.923390515646897,0.524973723851144,0.174191855080426,0.452877245547716,NA,NA,NA,NA,NA,NA,NA,NA,NA,NA,NA,NA
"198",0.858924916244578,0.85503668114543,0.542169499769807,0.463418159948196,NA,NA,NA,NA,NA,NA,NA,NA,NA,NA,NA,NA
"199",0.265508842191193,0.637766299769282,0.419635495916009,0.193948314264417,0.689814654000623,0.648809660299061,0.411652506760407,0.25994694132285,0.246507246257072,0.1929,0.697037985258769,0.700050035021739,0.696399996942634,0.696401281550038,-0.000637988316134264,-0.000636703708730479
"200",0.906534171081148,0.405862041004002,0.68505402635783,0.184579374017194,NA,NA,NA,NA,NA,NA,NA,NA,NA,NA,NA,NA
"201",0.211902941814624,0.68613852225244,0.585574787296355,0.218598992545158,0.826532622450816,0.682220551919648,0.603180519104201,0.208876173610005,0.197038477814385,0.2232,0.835776406620346,0.839996213830771,0.835111259684987,0.835123602390471,-0.000665146935359351,-0.000652804229875237
"202",0.313692185687833,0.771298129111528,0.290365420281887,0.420791113974992,0.774580976638924,0.754077891589474,0.286368270002951,0.318422874792067,0.303824460026245,0.4118,0.757084152846752,0.758240851619465,0.757449939468442,0.757456379874293,0.0003657866216904,0.000372227027541694
"203",0.670136063983664,0.476801253668964,0.116635248064995,0.0438306188979186,NA,NA,NA,NA,NA,NA,NA,NA,NA,NA,NA,NA
"204",0.40648104559863,0.603905791789293,0.76817054823041,0.359417371775489,0.846320691957938,0.602049282023982,0.762515815511517,0.402754462856333,0.385082093074821,0.3577,0.842161844698677,0.847752874740954,0.844167619764918,0.844174496783927,0.00200577506624122,0.00201265208525037
"205",0.287001221948303,0.378255997225642,0.776536132581532,0.205926075447351,0.794489024446076,0.36513684094056,0.773096159786329,0.286518877937472,0.278962868285629,0.2045,0.788515734390063,0.78967415280267,0.788207444380754,0.788212976722671,-0.000308290009308987,-0.000302757667391962
"206",0.987226538022514,0.573303332924843,0.276044481992722,0.303184740736615,NA,NA,NA,NA,NA,NA,NA,NA,NA,NA,NA,NA
"207",0.197162099063862,0.755524227023125,0.490577491745353,0.25890989310341,0.841198991108045,0.750836639387447,0.48076480431661,0.211154980825573,0.200966497037665,0.2614,0.828624221057735,0.831787044528978,0.831946168343882,0.83192617559928,0.00332194728614654,0.00330195454154469
"208",0.393576728606131,0.856638959422708,0.683868814632297,0.291814725077711,0.951569383966145,0.864410319154836,0.688674224218673,0.415724781631747,0.396826492652265,0.2944,0.952331143294098,0.958984904534592,0.952677685657596,0.952676722863058,0.000346542363498514,0.000345579568960197
"209",0.263890651012771,0.431167224422097,0.682545153796673,0.0800380484107882,0.722358301440474,0.451867967671804,0.689872926412353,0.275508909560403,0.265713285725133,0.0838,0.733156643126087,0.735153313002841,0.733241327283649,0.733217882933503,0.0000846841575616875,0.0000612398074155696
"210",0.952372998087667,0.280919804051518,0.594095923937857,0.428123363924678,NA,NA,NA,NA,NA,NA,NA,NA,NA,NA,NA,NA
"211",0.714158229923341,0.19991847705096,0.200156710855663,0.309363910369575,0.216179254559726,0.195231348254892,0.192347012935314,0.712454987666388,0.69115903823959,0.3098,0.209559393822837,0.210880429854442,0.211422985525102,0.211425885106608,0.00186359170226535,0.00186649128377159
"212",0.521545848918613,0.304666221886873,0.724646758846939,0.324196083727293,NA,NA,NA,NA,NA,NA,NA,NA,NA,NA,NA,NA
"213",0.598501069250051,0.662234216742217,0.175298249721527,0.285498768307734,NA,NA,NA,NA,NA,NA,NA,NA,NA,NA,NA,NA
"214",0.663160088695586,0.386126325838268,0.63521714899689,0.1663229986839,NA,NA,NA,NA,NA,NA,NA,NA,NA,NA,NA,NA
"215",0.0799492315552197,0.296325951255858,0.713133114203811,0.217424097878393,0.754890619241023,0.30538861268525,0.71408868426696,0.0911681400494186,0.0884298491242985,0.2181,0.756266222974634,0.756906116258721,0.755674801719486,0.755676326356536,-0.00059142125514855,-0.000589896618098606
"216",0.537620916415472,0.480147474072874,0.188477506116033,0.13615990586346,NA,NA,NA,NA,NA,NA,NA,NA,NA,NA,NA,NA
"217",0.806387517289259,0.748720544017851,0.112859160639346,0.268002353052143,NA,NA,NA,NA,NA,NA,NA,NA,NA,NA,NA,NA
"218",0.0537094950419851,0.236596181243658,0.695808793418109,0.484220826150849,0.730687288247034,0.226415557042623,0.687374528668571,0.0443490060290151,0.042067603392676,0.479,0.72123259256917,0.721736495483879,0.721219911924635,0.721214542452887,-0.000012680644534635,-0.0000180501162827529
"219",0.821029745838605,0.528706765919924,0.774124205112457,0.266999752824195,NA,NA,NA,NA,NA,NA,NA,NA,NA,NA,NA,NA
"220",0.220756883954164,0.334071423858404,0.898327154293656,0.458998859422281,0.916466056176919,0.348064136418804,0.894008323483265,0.236070576249456,0.224331246323312,0.4633,0.912728440465796,0.91506886178295,0.911680815092158,0.911681217258855,-0.00104762537363801,-0.00104722320694073
"221",0.406307690553367,0.553460255824029,0.323557144030929,0.363844042778946,0.565837129291324,0.551991195263441,0.310070391549027,0.409036588261754,0.395624682824247,0.3649,0.561252555733735,0.562688709293096,0.561049914607674,0.561021090193706,-0.000202641126061387,-0.000231465540029507
"222",0.246448675382417,0.544707904942334,0.450101281888783,0.404844172203448,0.644267672212119,0.539561338351425,0.452517425286833,0.248469636898019,0.235607644756076,0.4037,0.641242739061514,0.644752940582755,0.642268931883682,0.642258048154354,0.00102619282216776,0.00101530909284042
"223",0.792306885325816,0.141832499019802,0.216001309454441,0.424246493878309,NA,NA,NA,NA,NA,NA,NA,NA,NA,NA,NA,NA
"224",0.573072920171544,0.532496710494161,0.453613830730319,0.155182482404634,0.562131224848343,0.518246622028656,0.430480055445611,0.567855948409974,0.548065416284654,0.1596,0.543837963476943,0.546826552740478,0.544058712941325,0.544067510518323,0.000220749464382441,0.000229547041380673
"225",0.871430920127314,0.377843106724322,0.852100651152432,0.334672861602157,NA,NA,NA,NA,NA,NA,NA,NA,NA,NA,NA,NA
"226",0.744948607427068,0.64958329834044,0.429548799432814,0.18058094140375,NA,NA,NA,NA,NA,NA,NA,NA,NA,NA,NA,NA
"227",0.486967629964929,0.479751180298626,0.638424190692604,0.33487619421212,0.671745109159312,0.466406094051407,0.645613903173687,0.493169571183943,0.471934935711349,0.337,0.671815017077856,0.675754209346465,0.672241094566108,0.672241094566108,0.000426077488251408,0.000426077488251408
"228",0.118960341224447,0.213896070234478,0.838979988545179,0.216446171705611,0.84762485718682,0.19661185772392,0.847405528064199,0.0998224451027154,0.0966057930900579,0.2181,0.855637317855946,0.856021576873702,0.855648302354761,0.855652172587272,0.0000109844988145369,0.0000148547313256753
"229",0.0457787235220894,0.720412499643862,0.462092837877572,0.172300709586125,0.83702112976831,0.713918640833387,0.454058203205662,0.0370300575732846,0.0324314820123148,0.169,0.830120906418726,0.831731847625162,0.836174851714979,0.836177130284323,0.00605394529625292,0.00605622386559634
"230",0.766552785427775,0.303113041445613,0.310131497308612,0.249513262796681,0.326613860616828,0.305866213174185,0.312133339487198,0.771777898017156,0.758202786082028,0.2582,0.328643204568542,0.329915900504788,0.328618874389948,0.32863098720031,-0.0000243301785947114,-0.0000122173682326476
"231",0.811208650697954,0.409632936306298,0.283417594246566,0.354110190307256,NA,NA,NA,NA,NA,NA,NA,NA,NA,NA,NA,NA
"232",0.552122647797223,0.129239893704653,0.736112677492201,0.138669305783696,NA,NA,NA,NA,NA,NA,NA,NA,NA,NA,NA,NA
"233",0.385140077986289,0.517568495124578,0.287091508507729,0.115010379310697,0.525627995979133,0.527575337754851,0.286898943748465,0.400197254037185,0.382440666668407,0.115,0.533490881623237,0.534960255773495,0.533447506755097,0.533445738147875,-0.0000433748681396562,-0.0000451434753614421
"234",0.988385222330689,0.858631374314427,0.558805706165731,0.485551735381596,NA,NA,NA,NA,NA,NA,NA,NA,NA,NA,NA,NA
"235",0.0164747156761587,0.567604994773865,0.710790878161788,0.225328789239284,0.912857451142699,0.562490804808627,0.711200044387051,0.00915622980096834,0.0126544719185447,0.2278,0.913875308804444,0.912270097573072,0.907384781836055,0.907388988600578,-0.00649052696838925,-0.00648632020386652
"236",0.0300692244339734,0.765557130426168,0.842925884202123,0.365169534359593,NA,NA,NA,NA,NA,NA,NA,NA,NA,NA,NA,NA
"237",0.875717774012592,0.769281754270196,0.511790379695594,0.286072240152862,NA,NA,NA,NA,NA,NA,NA,NA,NA,NA,NA,NA
"238",0.756869808670599,0.897337824106216,0.566669774800539,0.1463093080814,NA,NA,NA,NA,NA,NA,NA,NA,NA,NA,NA,NA
"239",0.526719599962234,0.403045064769685,0.496701636910439,0.110001188449096,0.522577883111524,0.418840316513166,0.503470097339753,0.518343706162988,0.498085277292853,0.1105,0.534799374524231,0.537928712798471,0.537847435770261,0.537848249690329,0.00304806124602996,0.00304887516609798
"240",0.0500545485620387,0.514466727338731,0.698767677135766,0.37187501603039,0.875673139758655,0.519721069807467,0.705773907222135,0.0540277106936276,0.0524416090524161,0.3688,0.883072015228514,0.88381079845547,0.883049691528583,0.883045653494772,-0.0000223236999306042,-0.0000263617337414868
"241",0.534441186001059,0.229518258199096,0.166761741228402,0.445487747418229,0.235550059708015,0.21689302604241,0.16549630155882,0.53714485895111,0.522298739942987,0.4455,0.224714551281265,0.225561255071948,0.225752039987086,0.225736009529217,0.00103748870582132,0.00102145824795152
"242",0.204527590340003,0.63710920624435,0.825787130370736,0.196346438045148,0.95538051904125,0.63714333108668,0.827099362322462,0.210508121961403,0.200908062653081,0.1959,0.954064519142728,0.957587778723764,0.957103966723884,0.957104601551048,0.00303944758115549,0.00304008240831966
"243",0.430493423044682,0.78811237886548,0.204810923710465,0.450635662272107,NA,NA,NA,NA,NA,NA,NA,NA,NA,NA,NA,NA
"244",0.869641075010877,0.756351463496685,0.151370396092534,0.0771115443087183,NA,NA,NA,NA,NA,NA,NA,NA,NA,NA,NA,NA
"245",0.282611498788465,0.285046557150781,0.199357991479337,0.289218655761797,0.31133353502878,0.277198740503896,0.184379912302474,0.27400292599464,0.261480475942805,0.289,0.299705264674822,0.300941301096242,0.299450649458096,0.299470408168231,-0.000254615216726428,-0.000234856506590608
"246",0.212068330238108,0.116830990277231,0.826558323763311,0.499970271547791,NA,NA,NA,NA,NA,NA,NA,NA,NA,NA,NA,NA
"247",0.111079264164437,0.456188742630184,0.873712756298482,0.019870140592102,0.903827577846527,0.476240137064011,0.879806360793886,0.122619971424378,0.111419620582196,0.0214,0.910912932011328,0.912662121410657,0.908810220971787,0.90894487834041,-0.00210271103954129,-0.00196805367091835
"248",0.420486409098376,0.887781233713031,0.489653535746038,0.191292947537731,0.89726088811509,0.872974772056098,0.479244765308375,0.425585121339285,0.406582093305821,0.1896,0.88127979743797,0.883758585817962,0.882428222141694,0.882429784114528,0.00114842470372434,0.00114998667655852
"249",0.965421608621255,0.718431911990047,0.655119691975415,0.352601531681139,NA,NA,NA,NA,NA,NA,NA,NA,NA,NA,NA,NA
"250",0.0697966095129959,0.495553887635469,0.276085348986089,0.417545202395413,0.557134865462563,0.497337871731005,0.266810086218287,0.069524446540769,0.0642040907220409,0.4173,0.554367057471269,0.555556401446977,0.555507055395586,0.555505821643636,0.00113999792431718,0.00113876417236769
"251",0.846474687473383,0.593101732805371,0.363067403994501,0.216814827125054,NA,NA,NA,NA,NA,NA,NA,NA,NA,NA,NA,NA
"252",0.96764282272663,0.537530047260225,0.402072929404676,0.253256869055331,NA,NA,NA,NA,NA,NA,NA,NA,NA,NA,NA,NA
"253",0.727291954597458,0.432938740588725,0.518252597749233,0.256689455285668,0.525252649737239,0.427884704835121,0.519047851992242,0.729348804318505,0.711593868359939,0.2578,0.524579557198659,0.526338352268759,0.524698132886128,0.52468391729116,0.000118575687468647,0.000104360092501032
"254",0.5732359192078,0.835818314552307,0.850079918652773,0.335506652977783,0.96807418331219,0.84354398367136,0.846675424046797,0.576069208659078,0.55679902673999,0.3381,0.969756773243666,0.976837296915778,0.967742383776031,0.967734787314034,-0.00201438946763544,-0.00202198592963243
"255",0.0885969849745743,0.758593899570405,0.329486995562911,0.296296614652965,0.810946373017813,0.75951002308967,0.337164268721598,0.0923891198370518,0.0873408148054081,0.2978,0.813775961728177,0.815200690286764,0.812411304852312,0.812405853310683,-0.00136465687586473,-0.00137010841749374
"256",0.877248665427323,0.595566277205944,0.235873613320291,0.118189468071796,NA,NA,NA,NA,NA,NA,NA,NA,NA,NA,NA,NA
"257",0.940302768093534,0.200082272291183,0.256081556715071,0.270575500119012,NA,NA,NA,NA,NA,NA,NA,NA,NA,NA,NA,NA
"258",0.350312143634073,0.847632459364831,0.243228106014431,0.0227315307850949,NA,NA,NA,NA,NA,NA,NA,NA,NA,NA,NA,NA
"259",0.58655293127289,0.433587854355574,0.879497295618057,0.172137457341887,NA,NA,NA,NA,NA,NA,NA,NA,NA,NA,NA,NA
"260",0.0918987891962752,0.741075524687767,0.171238312497735,0.0701296649384312,0.746359564732728,0.740303200322105,0.21736900788347,0.0831278753463558,0.0821669609216696,0.0724,0.752764961564377,0.752883331004789,0.749785878843758,0.74977694472041,-0.00297908272061931,-0.00298801684396732
"261",0.850283512012102,0.482819046638906,0.521453576162457,0.245840684832074,0.52719053296613,0.481847340418128,0.530160420907413,0.846233585961729,0.835657868704579,0.2374,0.534124363804221,0.535209544314993,0.534174644406987,0.534188563887432,0.0000502806027662395,0.0000642000832116185
"262",0.0854787263064645,0.539195981994271,0.37589330393821,0.334065601746552,0.641233495423466,0.539305469758862,0.393027778617114,0.0960542075314488,0.0914283225022832,0.3309,0.647940937126112,0.649323149429877,0.647928036375299,0.647915660874978,-0.0000129007508133938,-0.0000252762511347981
"263",0.243592547429726,0.860201354511082,0.782744202390313,0.22884959485149,NA,NA,NA,NA,NA,NA,NA,NA,NA,NA,NA,NA
"264",0.32746682487661,0.831161262840033,0.656340528093278,0.109150327374227,0.906620935752367,0.825883893303088,0.649809223040144,0.331842194884369,0.320787314511873,0.1033,0.897797815978754,0.900599568347086,0.902686315349462,0.90268588351977,0.00488849937070812,0.00488806754101656
"265",0.953518771959934,0.180790764838457,0.254178353026509,0.0113222197932191,NA,NA,NA,NA,NA,NA,NA,NA,NA,NA,NA,NA
"266",0.156667602437083,0.881811193749309,0.495243233256042,0.286805431994144,0.969114481864318,0.881646129918177,0.516993563403346,0.182734176845232,0.175027499098275,0.2777,0.96787057259658,0.970711865051914,0.969626993273747,0.969624600245953,0.00175642067716741,0.00175402764937349
"267",0.28258767014835,0.850383737310767,0.631650721468031,0.377023595669307,0.97163872073869,0.844208026645929,0.616787115572851,0.274544802571833,0.257902136219021,0.3773,0.961772966079122,0.968753692680009,0.967197473822671,0.967197899454727,0.00542450774354908,0.00542493337560512
"268",0.0424516981956549,0.702368825487793,0.816334811970592,0.497367304416839,NA,NA,NA,NA,NA,NA,NA,NA,NA,NA,NA,NA
"269",0.159691260871477,0.205424124374986,0.214289152249694,0.0843942553945817,0.275136544050132,0.210658870949882,0.207164213104018,0.161661980356112,0.15176098112961,0.0865,0.273617511472388,0.274780183064473,0.2719661088806,0.271962059157594,-0.00165140259178886,-0.00165545231479403
"270",0.578614832544699,0.731093417294323,0.77747970148921,0.13154631572077,0.843975959629013,0.740254100947401,0.775435763757134,0.587065655115009,0.566685069398851,0.1346,0.845477445905368,0.850462226878596,0.843372980947237,0.843401139601335,-0.00210446495813144,-0.00207630630403277
"271",0.804275228676852,0.718876381404698,0.667337546311319,0.387363941788208,0.737863661241014,0.725613077046496,0.671036041746531,0.800482649405869,0.787969519183695,0.3886,0.744699916157584,0.747299135040471,0.743829665586992,0.743824362334381,-0.000870250570591757,-0.000875553823202813
"272",0.42362977753859,0.533607238717377,0.388756226375699,0.0898183992132544,0.560618622947358,0.532206553305147,0.403107182801718,0.411319965795915,0.395382502901825,0.0879,0.566388698761735,0.568992941000104,0.567105826245276,0.567096346814456,0.000717127483541358,0.000707648052721499
"273",0.141648810748011,0.584999336488545,0.415203318186104,0.498081357590854,0.687556029070112,0.592605493630573,0.413814174278575,0.164416633889619,0.157763636333636,0.4976,0.686177558487216,0.688165527115752,0.686758382913142,0.68675486283204,0.000580824425926441,0.000577304344823837
"274",0.623260745645966,0.467673379927874,0.353634649328887,0.384123679683544,0.475370330268836,0.463727621889922,0.338321408170052,0.617301775219223,0.598506800877068,0.3833,0.469229353275342,0.470830756685499,0.469200309618649,0.469203863202098,-0.0000290436566925401,-0.0000254900732441499
"275",0.952533595059067,0.209499203972518,0.327623150870204,0.0797000891296193,NA,NA,NA,NA,NA,NA,NA,NA,NA,NA,NA,NA
"276",0.919584722213913,0.79516070690006,0.12076488211751,0.379235917564947,NA,NA,NA,NA,NA,NA,NA,NA,NA,NA,NA,NA
"277",0.116081999070011,0.686751442961395,0.284223757311702,0.171696835947223,0.716824864515534,0.665373556911461,0.292097328070288,0.113718693434877,0.110298813610988,0.1716,0.700028641430121,0.700714397123885,0.698627905170638,0.69862959348715,-0.00140073625948278,-0.00139904794297063
"278",0.878343975653406,0.410950934141874,0.666442057490349,0.0534967943816446,NA,NA,NA,NA,NA,NA,NA,NA,NA,NA,NA,NA
"279",0.198471497555729,0.741111752949655,0.218795825727284,0.095892657507211,0.743751377550262,0.741808490253802,0.235852565633008,0.197530401076666,0.188175423237754,0.0973,0.74605007242523,0.74677876681732,0.74616472610261,0.746162904457804,0.00011465367737995,0.000112832032573618
"280",0.194842412977014,0.455497937835753,0.781123887747526,0.358150395995472,0.855387853093146,0.467771318585567,0.784765063139688,0.204717038875495,0.202217149710171,0.361,0.861094735861998,0.861922805072016,0.856827106065138,0.856826065658339,-0.0042676297968598,-0.00426867020365895
"281",0.793415648129303,0.415371761657298,0.307814363576472,0.330304346568882,NA,NA,NA,NA,NA,NA,NA,NA,NA,NA,NA,NA
"282",0.29348051126115,0.887971471436322,0.438671946153045,0.376367572057061,0.917425586973394,0.892243373255348,0.440777210876279,0.304571269852615,0.288195283189953,0.3812,0.91949931397962,0.923398682159346,0.920255906059251,0.92025819529523,0.000756592079631302,0.000758881315609861
"283",0.0992948473873548,0.498166655004025,0.177944693900645,0.0428497189329937,0.512546254768262,0.513217002662609,0.194031951312286,0.0993625921363481,0.0916747082927471,0.044,0.530375455638557,0.531322113583737,0.529710916698364,0.529718524153671,-0.000664538940192694,-0.000656931484886547
"284",0.470531320357695,0.791310766339302,0.283216629549861,0.346088878742885,NA,NA,NA,NA,NA,NA,NA,NA,NA,NA,NA,NA
"285",0.357316783962306,0.859472244977951,0.526412281021476,0.0162042658100836,0.869890418869829,0.85887825039029,0.50148950904595,0.350660864189201,0.341610160460102,0.0161,0.867072638603143,0.86791639662269,0.866196067241596,0.866290759488637,-0.000876571361547063,-0.000781879114506223
"286",0.768286903377157,0.744383279979229,0.869400788843632,0.484821624802426,0.883652024750479,0.738383696104354,0.869911582106421,0.764352911997229,0.751360889053609,0.4869,0.883260146366327,0.886046366804926,0.882292000520837,0.882294322114472,-0.000968145845489099,-0.000965824251854208
"287",0.688615441198926,0.291107775457203,0.504496164806187,0.16585346478736,NA,NA,NA,NA,NA,NA,NA,NA,NA,NA,NA,NA
"288",0.766327227826696,0.1684470070526,0.478317688778043,0.427186780262273,NA,NA,NA,NA,NA,NA,NA,NA,NA,NA,NA,NA
"289",0.34545347268926,0.731709160842001,0.370671650767326,0.122965351671446,0.740785228313575,0.717176916338537,0.380429894412413,0.352707754384069,0.342320935647209,0.1248,0.728310414212105,0.729594896601759,0.727829792750668,0.727821552875826,-0.00048062146143657,-0.000488861336278346
"290",0.517324609828647,0.787279337272048,0.689237210527062,0.123908784319647,0.845402722756231,0.791182874912658,0.696985964982777,0.527756800506298,0.515528691691287,0.1285,0.849423299487189,0.852345157452891,0.852695852894625,0.852703710896951,0.00327255340743537,0.00328041140976154
"291",0.449255427012686,0.744460443221033,0.320357983000576,0.274886114508845,NA,NA,NA,NA,NA,NA,NA,NA,NA,NA,NA,NA
"292",0.300359879562166,0.426862090267241,0.370590705610812,0.434369797664694,0.501113739901649,0.438858322230717,0.372183055626917,0.306928711777158,0.293525374171254,0.4403,0.50931242681824,0.511998519055448,0.508962066445592,0.508961741817578,-0.000350360372647796,-0.000350685000661599
"293",0.683981746528298,0.215134670399129,0.713593250699341,0.433707805818412,NA,NA,NA,NA,NA,NA,NA,NA,NA,NA,NA,NA
"294",0.586661320617422,0.84981595762074,0.18232390973717,0.365410976025742,NA,NA,NA,NA,NA,NA,NA,NA,NA,NA,NA,NA
"295",0.844766655704007,0.318212125077844,0.126689477078617,0.0669102712883614,NA,NA,NA,NA,NA,NA,NA,NA,NA,NA,NA,NA
"296",0.117981545089278,0.474071104638279,0.124149664491415,0.0793613093346357,0.478599991055681,0.457684717371495,0.0992687395069478,0.119793516257755,0.113542860439429,0.0787,0.459668781708253,0.459937163469515,0.459564277922846,0.459548830991399,-0.000104503785407273,-0.000119950716853667
"297",0.82530027439585,0.332641755230725,0.152539720013738,0.398809302907903,NA,NA,NA,NA,NA,NA,NA,NA,NA,NA,NA,NA
"298",0.768061810468789,0.111357107199728,0.797777242027223,0.218853842515964,NA,NA,NA,NA,NA,NA,NA,NA,NA,NA,NA,NA
"299",0.393457808531821,0.427287521399558,0.497470918670297,0.408882537896279,0.562685887682514,0.436671621649269,0.506508349271236,0.39277072515084,0.378888454964885,0.4159,0.574164526715404,0.57713605008669,0.575254956022008,0.575243676922291,0.00109042930660386,0.00107915020688676
"300",0.0347982481867075,0.264853239618242,0.833775580488145,0.143184132736642,0.863323347220976,0.27208088498311,0.819733228099017,0.0506893549938883,0.0437380735253807,0.1447,0.848667376272368,0.85008369559218,0.853764377101161,0.853768093915163,0.00509700082879339,0.00510071764279529
